{
  "framework": "PyTorch",
  "model": "DCGAN",
  "fid_score": 31.86043772073144,
  "training_time": 335.99029779434204,
  "per_epoch_time": 3.3599029779434204,
  "inference_time_per_sample_us": 6.296810000640107,
  "model_size_bytes": 4275712,
  "peak_memory_mb": 344.63720703125,
  "n_params_generator": 1068928,
  "n_params_discriminator": 663296,
  "epochs": 100,
  "latent_dim": 100,
  "batch_size": 128,
  "learning_rate": 0.0002
}