{
  "framework": "PyTorch",
  "model": "Transformers",
  "random_state": 113,
  "architecture": {
    "d_model": 256,
    "n_heads": 8,
    "n_encoder_layers": 3,
    "n_decoder_layers": 3,
    "d_ff": 1024,
    "dropout": 0.1,
    "max_length_translation": 25,
    "max_length_classification": 128,
    "bpe_vocab_translation": 8000,
    "bpe_vocab_classification": 16000
  },
  "translation": {
    "dataset": "Tatoeba EN->ES (BPE, shared 8K vocab)",
    "vanilla": {
      "test_bleu": 0.32894354802808673,
      "best_val_bleu": 0.3412889265773408,
      "training_time": 1657.1292188167572,
      "gpu_memory_mb": 589.03125,
      "n_params": 11681600,
      "model_size_mb": 44.63433837890625,
      "train_losses": [
        4.5964120352168605,
        3.553446230184401,
        3.034623070214784,
        2.682090051459735,
        2.4145960216070614,
        2.2077629224171544,
        2.0419042894767188,
        1.9086120396935509,
        1.7970763187886614,
        1.704814012734671,
        1.6277752002301655,
        1.5571926684764767,
        1.4955736549451824,
        1.4424731840330247,
        1.3937183037441754,
        1.349225117635594,
        1.3084266043639117,
        1.2724576237806038,
        1.2387563452747208,
        1.2059228837324052,
        1.17858047465428,
        1.150808802222143,
        1.1247854942398816,
        1.101052411718289,
        1.0778121193803452,
        1.0573102012650215,
        1.037497073129691,
        1.0175373267662557,
        0.9997301097367799,
        0.9828081841588352
      ],
      "val_bleus": [
        0.039808755332734334,
        0.09534005701059775,
        0.13180210210243018,
        0.1489481657430398,
        0.1843704747673171,
        0.20048203861940453,
        0.21818292106618914,
        0.23374223327700716,
        0.249389058876436,
        0.2742525752574718,
        0.27402040149885876,
        0.27276386251779416,
        0.2810358201990418,
        0.28796581994661896,
        0.2834109710053771,
        0.29599109847622035,
        0.29993668112150845,
        0.31094268657899116,
        0.31465332362810977,
        0.3035280460758775,
        0.316051942395925,
        0.31362480090847694,
        0.31764390379761037,
        0.32048032746977423,
        0.32854375258536234,
        0.338875072927213,
        0.32971137615169616,
        0.3412889265773408,
        0.33983897279634556,
        0.33514260819370384
      ]
    },
    "recipe": {
      "test_bleu": 0.3461634341237428,
      "best_val_bleu": 0.350512452575995,
      "training_time": 1576.147812128067,
      "gpu_memory_mb": 766.34912109375,
      "n_params": 11681600,
      "model_size_mb": 44.634209632873535,
      "inference_time_per_sample_us": 22618.319999892265,
      "train_losses": [
        5.431557287412765,
        3.859287031380911,
        3.3418049269067875,
        3.052062231584512,
        2.8831590760053034,
        2.7696140845838033,
        2.686015991380952,
        2.6202646094776463,
        2.5678028114658877,
        2.5227481296135523,
        2.4861892075923824,
        2.453272284770742,
        2.423916263899099,
        2.3988329067867777,
        2.375600882957905,
        2.3552549768623203,
        2.33633273159229,
        2.3199898834680117,
        2.3046428432039563,
        2.289518814166608,
        2.276447817608507,
        2.2641822883345624,
        2.251366520525685,
        2.2405875290336716,
        2.230173257466478,
        2.219450120341479,
        2.2117458036018944,
        2.2015795628008403,
        2.1925111482402406,
        2.185165065776007
      ],
      "val_bleus": [
        0.07688386264089549,
        0.1535444461970476,
        0.18963761467495494,
        0.2356039545646511,
        0.25174936231622025,
        0.24866308712457777,
        0.27899845596320316,
        0.27578501883118856,
        0.29446829208309194,
        0.2978157079662432,
        0.303085222607662,
        0.31898056951782716,
        0.29617442264037097,
        0.3166321974121474,
        0.329030373635754,
        0.31023532668730613,
        0.3342175048530884,
        0.3261363196204477,
        0.3285122171297924,
        0.33770105164808933,
        0.3201348362071017,
        0.3273001292611134,
        0.33503509417883925,
        0.34084502979073344,
        0.33115601310150866,
        0.33674019732991445,
        0.3351654520418949,
        0.350512452575995,
        0.3381751828563505,
        0.3464772022106501
      ],
      "warmup_steps": 4000,
      "label_smoothing": 0.1
    },
    "beam_search": {
      "test_bleu": 0.36252216026592027,
      "beam_size": 5,
      "length_penalty": 0.6,
      "inference_time_total_s": 4652.958576917648,
      "n_params": 11681600
    },
    "comparison_with_attention_15": {
      "pt_bahdanau_bleu": 0.3803,
      "best_transformer_bleu": 0.36252216026592027,
      "gap": -0.01777783973407976
    }
  },
  "classification": {
    "dataset": "AG News (4-class, BPE 16K vocab)",
    "encoder_only_from_scratch": {
      "test_accuracy": 0.9122368421052631,
      "test_macro_f1": 0.9119915074838066,
      "best_val_accuracy": 0.9200833439826965,
      "training_time": 504.5269875526428,
      "gpu_memory_mb": 41028.67236328125,
      "n_params": 7256580,
      "model_size_mb": 27.83273696899414,
      "inference_time_per_sample_us": 1866.740600002231,
      "train_losses": [
        0.7674366485733557,
        0.5914314588734889,
        0.5568873668133647,
        0.5359148272088071,
        0.5210779925446375,
        0.5093444341096268,
        0.499808873045501,
        0.49147701063921667,
        0.4830242503981737,
        0.47518721032199135
      ],
      "val_accs": [
        0.8799999952316284,
        0.9008333086967468,
        0.906583309173584,
        0.9111666679382324,
        0.9124999642372131,
        0.9138333201408386,
        0.9200833439826965,
        0.9120833277702332,
        0.9194166660308838,
        0.9192500114440918
      ],
      "n_layers": 4
    },
    "distilbert_finetuned": {
      "test_accuracy": 0.9444736842105264,
      "test_macro_f1": 0.9444194879412193,
      "best_val_accuracy": 0.944,
      "training_time": 2430.6407446861267,
      "gpu_memory_mb": 17976.03759765625,
      "n_params": 66956548,
      "model_size_mb": 255.459867477417,
      "inference_time_per_sample_us": 8341.190300008748,
      "train_losses": [
        0.23694202237051945,
        0.14585119553255263,
        0.10284266558793131
      ],
      "val_accs": [
        0.9393333333333334,
        0.944,
        0.9435833333333333
      ],
      "pretrained_model": "distilbert-base-uncased",
      "learning_rate": 2e-05,
      "epochs": 3
    },
    "pretraining_advantage": {
      "accuracy_gap": 0.03223684210526323,
      "f1_gap": 0.032427980457412686,
      "param_ratio": 9.227011622554977
    }
  }
}