{
  "framework": "Scikit-Learn",
  "model": "PCA",
  "training_time": 0.23316502571105957,
  "inference_time_per_sample_us": 0.5559277999927872,
  "model_size_bytes": 475336,
  "peak_memory_mb": 11.738922119140625,
  "explained_variance_ratio": 0.9084722995758057,
  "reconstruction_mse": 0.09505532681941986,
  "n_components": 150,
  "downstream_knn_accuracy": 0.8599
}