{
  "framework": "PyTorch",
  "model": "MultinomialNB",
  "accuracy": 0.668348380244291,
  "macro_f1": 0.6393831044163554,
  "log_loss": 1.557624666579638,
  "brier_score": 0.6008300874729103,
  "ece": 0.32287770857519127,
  "training_time": 0.0278933048248291,
  "inference_time_per_sample_us": 3.5007481412635264,
  "model_size_bytes": 800080,
  "peak_memory_mb": 0.0042324066162109375
}