{
  "framework": "TensorFlow",
  "model": "MultinomialNB",
  "accuracy": 0.668348380244291,
  "macro_f1": 0.6393831044163554,
  "log_loss": 1.5576247527093716,
  "brier_score": 0.6008301048906652,
  "ece": 0.32287770631588086,
  "training_time": 0.10299229621887207,
  "inference_time_per_sample_us": 7.621548459904477,
  "model_size_bytes": 800080,
  "peak_memory_mb": 0.06680011749267578
}