{
  "framework": "No-Framework",
  "inertia": 9976.284774097508,
  "silhouette": 0.30643302478339024,
  "ari": 0.6683871676374171,
  "iterations": 19,
  "training_time": 1.015925407409668,
  "peak_memory_mb": 19.439882278442383
}