{
  "framework": "PyTorch",
  "model": "Autoencoder",
  "training_time": 114.0022144317627,
  "inference_time_per_sample_us": 0.06661299999905168,
  "model_size_bytes": 11376652,
  "peak_memory_mb": 1.9176483154296875,
  "reconstruction_mse": 0.0037409637589007616,
  "reconstruction_mae": 0.044268809258937836,
  "reconstruction_rmse": 0.061163417994976044,
  "latent_dim": 256,
  "architecture": "Conv 64-128-256, lat=256",
  "architecture_type": "conv_denoising",
  "n_params": 2844163,
  "epochs": 57,
  "downstream_knn_accuracy": 0.3621,
  "best_noise_sigma": 0.2,
  "noise_removal_pct": 86.9,
  "dense_baseline_mse": 0.009055493399500847,
  "dense_knn_accuracy": 0.4029
}