{
  "framework": "PyTorch",
  "model": "Autoencoder",
  "training_time": 118.8656325340271,
  "inference_time_per_sample_us": 0.06854899998870678,
  "model_size_bytes": 11376652,
  "peak_memory_mb": 1.9173917770385742,
  "reconstruction_mse": 0.00373421935364604,
  "reconstruction_mae": 0.04424704983830452,
  "reconstruction_rmse": 0.06110825762152672,
  "latent_dim": 256,
  "architecture": "Conv 64-128-256, lat=256",
  "architecture_type": "conv_denoising",
  "n_params": 2844163,
  "epochs": 57,
  "downstream_knn_accuracy": 0.3616,
  "best_noise_sigma": 0.2,
  "noise_removal_pct": 86.9,
  "dense_baseline_mse": 0.009055493399500847,
  "dense_knn_accuracy": 0.4029
}