{
  "framework": "TensorFlow",
  "model": "LSTM",
  "training_time": 1410.100289106369,
  "inference_time_per_sample_us": 1989.3689173333405,
  "model_size_bytes": 6173700,
  "peak_memory_mb": 50.012953758239746,
  "accuracy": 0.86516,
  "precision": 0.8356990512613076,
  "recall": 0.90904,
  "f1": 0.8708280645284898,
  "auc": 0.9394694624,
  "log_loss": 0.35403436285020784,
  "brier_score": 0.10447454149116944,
  "ece": 0.39490496677875525,
  "dataset": "IMDB Sentiment",
  "architecture": "Embedding(10001,128) -> LSTM(128, 2L, drop=0.3) -> Dense(1)",
  "n_params": 1543425,
  "epochs": 6,
  "best_val_acc": 0.8748000264167786,
  "vocab_size": 10001,
  "embed_dim": 128,
  "max_length": 300,
  "device": "CPU",
  "note": "Architecture sweep + length ablation skipped (PT covered, CPU too slow)"
}