{
  "framework": "TensorFlow",
  "model": "LSTM",
  "training_time": 1448.1796412467957,
  "inference_time_per_sample_us": 1674.3436840000018,
  "model_size_bytes": 6173700,
  "peak_memory_mb": 50.01613426208496,
  "accuracy": 0.86788,
  "precision": 0.8610347805605716,
  "recall": 0.87736,
  "f1": 0.8691207354281413,
  "auc": 0.9374972608000001,
  "log_loss": 0.32859391436191276,
  "brier_score": 0.09980323536842063,
  "ece": 0.3945669762915373,
  "dataset": "IMDB Sentiment",
  "architecture": "Embedding(10001,128) -> LSTM(128, 2L, drop=0.3) -> Dense(1)",
  "n_params": 1543425,
  "epochs": 6,
  "best_val_acc": 0.8791999816894531,
  "vocab_size": 10001,
  "embed_dim": 128,
  "max_length": 300,
  "device": "CPU",
  "note": "Architecture sweep + length ablation skipped (PT covered, CPU too slow)"
}