{
  "framework": "PyTorch",
  "model": "LSTM",
  "training_time": 14.714650630950928,
  "inference_time_per_sample_us": 0.2828610000869957,
  "model_size_bytes": 799252,
  "peak_memory_mb": 0.29885005950927734,
  "accuracy": 0.924,
  "macro_f1": 0.6033132919505829,
  "rnn_type": "LSTM",
  "hidden_size": 128,
  "num_layers": 2,
  "n_params": 199813,
  "epochs": 50,
  "best_val_f1": 0.8597458152923411,
  "gpu_memory_mb": 1132.13232421875,
  "dataset": "ECG5000 (augmented)",
  "augmentation": "jitter + scaling + time_warp (target_ratio=0.5)",
  "n_train_augmented": 7250,
  "architecture": "LSTM(1, 128, 2 layers) -> FC(128, 5)",
  "optimizer": "Adam lr=1e-3",
  "gru_baseline_f1": 0.5950445749783835,
  "rnn12_gru_f1": 0.5479,
  "augmentation_effect": 0.047144574978383424,
  "architecture_effect": 0.008268716972199441
}