{
  "framework": "TensorFlow",
  "model": "SVM",
  "training_time": 85.77445673942566,
  "inference_time_per_sample_us": 15.55347553557909,
  "model_size_bytes": 548456,
  "peak_memory_mb": 0.3335723876953125,
  "accuracy": 0.8611478444855858,
  "precision": 0.8553643354082754,
  "recall": 0.9472830494728305,
  "f1": 0.8989801808735809,
  "auc": 0.9104812522550026,
  "log_loss": 0.5070892590276548,
  "brier_score": 0.16192247696002218,
  "ece": 0.27324183915908723,
  "kernel": "poly",
  "C": 10.0,
  "degree": 3,
  "n_support_vectors": 11426
}